{
    "calculation_id": "random_id",
    "dispensers": [
        {
            "id": "dispenser",
            "meta": {
                "title": "Dispenser",
                "description": "This is a dispenser",
                "positives": [
                    "Something possitve",
                    "Something else that is positivev"
                ],
                "negatives": [
                    "Something negative",
                    "Something else negative"
                ]
            },
            "results": {
                "num_dispensers": 9,
                "response": "9 x 200 Bar",
                "equipment": {
                    "min": 122274.69400594455,
                    "avg": 135860.77111771615,
                    "max": 149446.84822948778
                },
                "equipment_lcoh": {
                    "min": 0.09153752306637868,
                    "avg": 0.10170835896264298,
                    "max": 0.11187919485890727
                },
                "maintenance": {
                    "min": 3668.2408201783364,
                    "avg": 4075.8231335314845,
                    "max": 4483.405446884633
                },
                "maintenance_lcoh": {
                    "min": 0.020937447603757625,
                    "avg": 0.02326383067084181,
                    "max": 0.025590213737926002
                },
                "installation": {
                    "min": 19765.308159590062,
                    "avg": 21177.502715701838,
                    "max": 22541.71501480876
                },
                "installation_lcoh": {
                    "min": 0.014796744054698661,
                    "avg": 0.01585394393407854,
                    "max": 0.01687522324139675
                },
                "energy": {
                    "min": 0.0,
                    "avg": 0,
                    "max": 0.0
                },
                "energy_lcoh": {
                    "min": 0.0,
                    "avg": 0.0,
                    "max": 0.0
                },
                "sum_capex": {
                    "min": 142040.00216553462,
                    "avg": 157038.273833418,
                    "max": 171988.56324429653
                },
                "sum_opex": {
                    "min": 3668.2408201783364,
                    "avg": 4075.8231335314845,
                    "max": 4483.405446884633
                },
                "sum_lcoh": {
                    "min": 0.12727171472483495,
                    "avg": 0.14082613356756332,
                    "max": 0.15434463183823002
                }
            }
        }
    ],
    "compressors": [
        {
            "id": "centrifugal compressor",
            "meta": {
                "title": "Centrifugal Compressor",
                "description": "This is a centrifugal compressor",
                "positives": [
                    "Something possitve",
                    "Something else that is positivev"
                ],
                "negatives": [
                    "Something negative",
                    "Something else negative"
                ]
            },
            "results": {
                "power": 14.253766043200583,
                "equipment": {
                    "min": 85698.22054292583,
                    "avg": 95220.24504769537,
                    "max": 104742.26955246492
                },
                "equipment_lcoh": {
                    "min": 0.06415557121994764,
                    "avg": 0.07128396802216405,
                    "max": 0.07841236482438046
                },
                "installation": {
                    "min": 15660.104601641062,
                    "avg": 16778.9899885025,
                    "max": 17859.858909460563
                },
                "installation_lcoh": {
                    "min": 0.01172349845443024,
                    "avg": 0.012561120643887395,
                    "max": 0.013370282871511704
                },
                "maintenance": {
                    "min": 2570.9466162877748,
                    "avg": 2856.607351430861,
                    "max": 3142.2680865739476
                },
                "maintenance_lcoh": {
                    "min": 0.014674352832692781,
                    "avg": 0.016304836480769754,
                    "max": 0.01793532012884673
                },
                "cooling_energy": 0.19005021390934113,
                "compression_energy": 0.4751255347733528,
                "energy": {
                    "min": 37.62994235404953,
                    "avg": 41.81104706005504,
                    "max": 45.992151766060545
                },
                "energy_lcoh": {
                    "min": 0.00021478277599343344,
                    "avg": 0.00023864752888159264,
                    "max": 0.00026251228176975196
                },
                "sum_capex": {
                    "min": 101358.32514456689,
                    "avg": 111999.23503619788,
                    "max": 122602.12846192549
                },
                "sum_opex": {
                    "min": 2608.5765586418242,
                    "avg": 2898.418398490916,
                    "max": 3188.260238340008
                },
                "sum_lcoh": {
                    "min": 0.18153641056612818,
                    "avg": 0.20077714535140556,
                    "max": 0.2199609602130173
                }
            }
        },
        {
            "id": "diaphragm compressor",
            "meta": {
                "title": "Diaphragm Compressor",
                "description": "This is a diaphragm compressor",
                "positives": [
                    "Something possitve",
                    "Something else that is positivev"
                ],
                "negatives": [
                    "Something negative",
                    "Something else negative"
                ]
            },
            "results": {
                "power": 12.912235121487589,
                "equipment": {
                    "min": 79026.12367167712,
                    "avg": 87806.80407964125,
                    "max": 96587.48448760538
                },
                "equipment_lcoh": {
                    "min": 0.05916069287477387,
                    "avg": 0.06573410319419319,
                    "max": 0.07230751351361252
                },
                "installation": {
                    "min": 14850.392149887419,
                    "avg": 15911.425086023088,
                    "max": 16936.407213995004
                },
                "installation_lcoh": {
                    "min": 0.011117329918642045,
                    "avg": 0.011911642492108673,
                    "max": 0.012678966638324029
                },
                "maintenance": {
                    "min": 2370.7837101503137,
                    "avg": 2634.2041223892375,
                    "max": 2897.624534628161
                },
                "maintenance_lcoh": {
                    "min": 0.013531870491725537,
                    "avg": 0.015035411657472814,
                    "max": 0.0165389528232201
                },
                "cooling_energy": 0.17216313495316785,
                "compression_energy": 0.4304078373829196,
                "energy": {
                    "min": 34.08830072072723,
                    "avg": 37.875889689696926,
                    "max": 41.66347865866662
                },
                "energy_lcoh": {
                    "min": 0.0001945679264881691,
                    "avg": 0.00021618658498685458,
                    "max": 0.00023780524348554006
                },
                "sum_capex": {
                    "min": 93876.51582156454,
                    "avg": 103718.22916566434,
                    "max": 113523.89170160038
                },