{
    "dispenser": {
        "num_dispensers": 6,
        "response": "6 x 700 Bar",
        "equipment": {
            "min": 288902.24175040505,
            "avg": 321002.4908337834,
            "max": 353102.73991716176
        },
        "equipment_lcoh": {
            "min": 1.038137122313948,
            "avg": 1.153485691459942,
            "max": 1.2688342606059364
        },
        "maintenance": {
            "min": 8667.067252512152,
            "avg": 9630.074725013501,
            "max": 10593.082197514852
        },
        "maintenance_lcoh": {
            "min": 0.23745389732910005,
            "avg": 0.263837663699,
            "max": 0.29022143006890005
        },
        "installation": {
            "min": 34712.8262130353,
            "avg": 37192.993170691254,
            "max": 39588.89128036009
        },
        "installation_lcoh": {
            "min": 0.12473656588417291,
            "avg": 0.1336487618321141,
            "max": 0.14225814732479536
        },
        "energy": {
            "min": 768.6900000000002,
            "avg": 854.1000000000001,
            "max": 939.5100000000002
        },
        "energy_lcoh": {
            "min": 0.021060000000000006,
            "avg": 0.023400000000000008,
            "max": 0.025740000000000013
        },
        "sum_capex": {
            "min": 323615.0679634404,
            "avg": 358195.48400447465,
            "max": 392691.63119752187
        },
        "sum_opex": {
            "min": 9435.757252512152,
            "avg": 10484.174725013501,
            "max": 11532.592197514852
        },
        "sum_lcoh": {
            "min": 1.4213875855272209,
            "avg": 1.5743721169910563,
            "max": 1.7270538379996319
        }
    },
    "centrifugal compressor": {
        "power": 44.43159633903764,
        "equipment": {
            "min": 217699.22481897174,
            "avg": 241888.02757663524,
            "max": 266076.8303342988
        },
        "equipment_lcoh": {
            "min": 0.782277234729099,
            "avg": 0.8691969274767766,
            "max": 0.9561166202244542
        },
        "installation": {
            "min": 28839.94215297475,
            "avg": 30900.50245277704,
            "max": 32891.05091642601
        },
        "installation_lcoh": {
            "min": 0.10363302954310825,
            "avg": 0.11103741701698329,
            "max": 0.11819022497499247
        },
        "maintenance": {
            "min": 6530.976744569151,
            "avg": 7256.640827299057,
            "max": 7982.304910028963
        },
        "maintenance_lcoh": {
            "min": 0.17893086971422334,
            "avg": 0.19881207746024807,
            "max": 0.21869328520627299
        },
        "cooling_energy": 0.8886319267807528,
        "compression_energy": 2.221579816951882,
        "energy": {
            "min": 2050.0471961253934,
            "avg": 2277.8302179171037,
            "max": 2505.6132397088145
        },
        "energy_lcoh": {
            "min": 0.05616567660617515,
            "avg": 0.06240630734019462,
            "max": 0.06864693807421408
        },
        "sum_capex": {
            "min": 246539.16697194648,
            "avg": 272788.5300294123,
            "max": 298967.8812507248
        },
        "sum_opex": {
            "min": 8581.023940694544,
            "avg": 9534.47104521616,
            "max": 10487.918149737778
        },
        "sum_lcoh": {
            "min": 2.2420136211852117,
            "avg": 2.482905458588405,
            "max": 2.7232941369598676
        }
    },
    "diaphragm compressor": {
        "power": 40.24979903653998,
        "equipment": {
            "min": 200750.09439845875,
            "avg": 223055.66044273195,
            "max": 245361.22648700516
        },
        "equipment_lcoh": {
            "min": 0.7213724754795093,
            "avg": 0.8015249727550104,
            "max": 0.8816774700305114
        },
        "installation": {
            "min": 27348.760525320016,
            "avg": 29302.778667532617,
            "max": 31190.404965727674
        },
        "installation_lcoh": {
            "min": 0.09827463912563845,
            "avg": 0.10529617955680748,
            "max": 0.11207914849930997
        },
        "maintenance": {
            "min": 6022.502831953762,
            "avg": 6691.669813281958,
            "max": 7360.836794610154
        },
        "maintenance_lcoh": {
            "min": 0.16500007758777427,
            "avg": 0.18333341954197144,
            "max": 0.2016667614961686
        },
        "cooling_energy": 0.8049959807307996,
        "compression_energy": 2.012489951826999,
        "energy": {
            "min": 1857.1015776665329,
            "avg": 2063.4461974072588,
            "max": 2269.790817147985
        },
        "energy_lcoh": {
            "min": 0.05087949527853516,
            "avg": 0.056532772531705695,
            "max": 0.062186049784876275
        },
        "sum_capex": {
            "min": 228098.85492377877,
            "avg": 252358.43911026456,
            "max": 276551.63145273284
        },
        "sum_opex": {
            "min": 7879.604409620295,
            "avg": 8755.116010689217,
            "max": 9630.62761175814
        },
        "sum_lcoh": {
            "min": 2.0710533749429145,
            "avg": 2.29337468877099,
            "max": 2.515218859621733
        }
    },
    "piston compressor": {
        "power": 39.40341446548008,
        "equipment": {
            "min": 197281.91429861542,
            "avg": 219202.12699846158,
            "max": 241122.33969830777
        },
        "equipment_lcoh": {
            "min": 0.7089099674466766,
            "avg": 0.7876777416074183,
            "max": 0.8664455157681603
        },
        "installation": {
            "min": 27038.35656190189,
            "avg": 28970.19691746956,
            "max": 30836.398965601453
        },
        "installation_lcoh": {
            "min": 0.09715923802876451,
            "avg": 0.10410108512329702,
            "max": 0.11080706847657894
        },
        "maintenance": {
            "min": 5918.4574289584625,
            "avg": 6576.063809953847,
            "max": 7233.670190949233
        },
        "maintenance_lcoh": {
            "min": 0.16214951860160168,
            "avg": 0.18016613177955748,
            "max": 0.19818274495751323
        },
        "cooling_energy": 0.7880682893096017,
        "compression_energy": 1.9701707232740042,
        "energy": {
            "min": 1818.049901388572,
            "avg": 2020.0554459873022,
            "max": 2222.0609905860324
        },
        "energy_lcoh": {
            "min": 0.04980958633941293,
            "avg": 0.05534398482156992,
            "max": 0.06087838330372692
        },
        "sum_capex": {
            "min": 224320.2708605173,
            "avg": 248172.32391593113,
            "max": 271958.7386639092
        },
        "sum_opex": {
            "min": 7736.507330347034,
            "avg": 8596.11925594115,
            "max": 9455.731181535266
        },
        "sum_lcoh": {
            "min": 2.036056620832911,
            "avg": 2.254577886663686,
            "max": 2.472627425011959
        }
    },
    "type I/II storage": {
        "capacity": {
            "amount": 1000,
            "unit": "KG"
        },
        "equipment": {
            "min": 989524.8000000003,
            "avg": 1099472.0000000002,
            "max": 1209419.2000000002
        },
        "equipment_lcoh": {
            "min": 3.5557440541350345,
            "avg": 3.9508267268167048,
            "max": 4.3459093994983755
        },
        "installation": {
            "min": 247381.20000000007,
            "avg": 274868.00000000006,
            "max": 302354.80000000005
        },
        "installation_lcoh": {
            "min": 0.8889360135337586,
            "avg": 0.9877066817041762,
            "max": 1.0864773498745939
        },